City_ID,City,Country,Date,Lat,Lng,Max Temp,Humidity,Cloudiness,Wind Speed,Description
0,Rikitea,PF,2022-07-29 01:15:36,-23.1203,-134.9692,73.44,75,8,20.76,light rain
1,Hobart,AU,2022-07-29 01:15:04,-42.8794,147.3294,48.06,64,20,14.97,few clouds
2,Jamestown,US,2022-07-29 01:15:37,42.097,-79.2353,76.59,54,0,8.05,clear sky
3,Guane,CU,2022-07-29 01:15:37,22.2025,-84.0875,80.73,74,77,4.97,broken clouds
4,Arraial Do Cabo,BR,2022-07-29 01:15:38,-22.9661,-42.0278,71.24,84,13,25.5,few clouds
5,Alice Springs,AU,2022-07-29 01:15:38,-23.7,133.8833,60.35,27,32,12.66,scattered clouds
6,New Norfolk,AU,2022-07-29 01:15:39,-42.7826,147.0587,47.7,50,31,7.7,scattered clouds
7,Saskylakh,RU,2022-07-29 01:15:39,71.9167,114.0833,60.66,88,100,5.17,overcast clouds
8,Barrow,US,2022-07-29 01:15:40,71.2906,-156.7887,33.82,100,100,14.97,overcast clouds
9,Kapaa,US,2022-07-29 01:12:49,22.0752,-159.319,84.18,77,75,8.05,broken clouds
10,Belmonte,BR,2022-07-29 01:15:40,-15.8631,-38.8828,70.29,81,0,5.75,clear sky
11,Moose Factory,CA,2022-07-29 01:15:41,51.2585,-80.6094,62.6,82,20,4.61,light rain
12,Posse,BR,2022-07-29 01:15:41,-14.0931,-46.3694,64.17,44,0,5.66,clear sky
13,Sibu,MY,2022-07-29 01:15:42,2.3,111.8167,82.71,74,20,3.44,few clouds
14,Ushuaia,AR,2022-07-29 01:11:32,-54.8,-68.3,38.86,81,40,9.22,light rain
15,Mollendo,PE,2022-07-29 01:15:43,-17.0231,-72.0147,59.92,84,99,8.9,overcast clouds
16,Osoyoos,CA,2022-07-29 01:13:54,49.0331,-119.4524,100.53,20,48,4.18,scattered clouds
17,Nanpiao,CN,2022-07-29 01:15:43,41.0982,120.7479,71.1,91,100,3.53,overcast clouds
18,Saint-Philippe,RE,2022-07-29 01:12:51,-21.3585,55.7679,65.79,82,37,7.54,scattered clouds
19,Sitka,US,2022-07-29 01:15:44,57.0531,-135.33,58.89,94,100,9.22,light rain
20,Butaritari,KI,2022-07-29 01:15:44,3.0707,172.7902,82.06,72,89,15.68,overcast clouds
21,Weligama,LK,2022-07-29 01:15:45,5.9667,80.4167,77.43,89,100,4.43,overcast clouds
22,Mar Del Plata,AR,2022-07-29 01:15:45,-38.0023,-57.5575,48.22,94,100,13.8,drizzle
23,Vaini,TO,2022-07-29 01:15:46,-21.2,-175.2,80.76,89,40,10.36,scattered clouds
24,Lata,PT,2022-07-29 01:15:46,40.1629,-8.3327,57.07,98,13,1.77,few clouds
25,Carnarvon,AU,2022-07-29 01:15:47,-24.8667,113.6333,70.95,59,100,4.12,light rain
26,Bud,US,2022-07-29 01:15:47,39.447,-86.1758,80.58,83,100,5.84,overcast clouds
27,Bethel,US,2022-07-29 01:15:48,41.3712,-73.414,80.76,85,75,4.61,broken clouds
28,Halifax,CA,2022-07-29 01:15:48,44.6453,-63.5724,70.7,61,75,6.91,broken clouds
29,Aksu,CN,2022-07-29 01:15:49,41.1231,80.2644,83.64,32,100,3.0,overcast clouds
30,Nome,US,2022-07-29 01:15:49,64.5011,-165.4064,56.16,71,100,8.05,overcast clouds
31,Mitu,CO,2022-07-29 01:15:50,1.1983,-70.1733,68.85,99,49,2.15,scattered clouds
32,Bengkulu,ID,2022-07-29 01:15:50,-3.8004,102.2655,78.57,80,60,2.37,broken clouds
33,Punta Arenas,CL,2022-07-29 01:11:41,-53.15,-70.9167,41.11,81,40,24.16,light rain
34,Dikson,RU,2022-07-29 01:15:51,73.5069,80.5464,43.9,100,100,17.34,overcast clouds
35,Bluff,NZ,2022-07-29 01:15:51,-46.6,168.3333,47.8,82,100,16.67,moderate rain
36,Ilulissat,GL,2022-07-29 01:15:52,69.2167,-51.1,51.82,43,40,11.5,scattered clouds
37,Tiksi,RU,2022-07-29 01:15:52,71.6872,128.8694,52.38,86,99,8.59,overcast clouds
38,Kwinana,AU,2022-07-29 01:15:53,-32.25,115.7667,61.93,79,100,4.0,light rain
39,Ostrovnoy,RU,2022-07-29 01:15:53,68.0531,39.5131,50.38,87,100,12.68,overcast clouds
40,Lebu,CL,2022-07-29 01:15:54,-37.6167,-73.65,48.22,87,6,16.75,clear sky
41,Busselton,AU,2022-07-29 01:15:54,-33.65,115.3333,59.74,61,91,17.78,overcast clouds
42,Cape Town,ZA,2022-07-29 01:11:52,-33.9258,18.4232,56.88,86,100,10.0,moderate rain
43,Grand Forks,US,2022-07-29 01:15:55,47.9417,-97.4337,71.33,64,40,8.05,scattered clouds
44,Hithadhoo,MV,2022-07-29 01:15:56,-0.6,73.0833,81.7,74,100,13.38,overcast clouds
45,Torbay,CA,2022-07-29 01:13:00,47.6666,-52.7314,56.28,90,100,13.0,overcast clouds
46,Castro,BR,2022-07-29 01:15:56,-24.7911,-50.0119,59.76,70,99,5.19,overcast clouds
47,Pangnirtung,CA,2022-07-29 01:16:57,66.1451,-65.7125,51.62,71,54,2.51,broken clouds
48,Luanda,AO,2022-07-29 01:16:57,-8.8368,13.2343,67.39,92,22,5.68,few clouds
49,Chuy,UY,2022-07-29 01:16:58,-33.6971,-53.4616,48.56,79,100,13.02,overcast clouds
50,Marshall,US,2022-07-29 01:13:15,34.3834,-86.3333,91.71,64,0,5.75,clear sky
51,Mahebourg,MU,2022-07-29 01:16:59,-20.4081,57.7,68.29,83,40,11.5,scattered clouds
52,Biltine,TD,2022-07-29 01:16:59,14.5333,20.9167,79.16,69,95,9.55,overcast clouds
53,Longyearbyen,SJ,2022-07-29 01:16:24,78.2186,15.6401,42.64,81,75,11.5,light intensity drizzle rain
54,San Pedro,PH,2022-07-29 01:17:00,14.35,121.0167,83.32,85,75,12.66,broken clouds
55,Thompson,CA,2022-07-29 01:12:48,55.7435,-97.8558,73.56,38,100,1.45,overcast clouds
56,Chernigovka,RU,2022-07-29 01:17:01,44.3389,132.5728,77.2,76,83,13.27,broken clouds
57,Kilindoni,TZ,2022-07-29 01:17:01,-7.9139,39.6668,74.84,80,96,14.7,light rain
58,Jamame,SO,2022-07-29 01:17:02,0.0722,42.7506,75.51,69,100,13.13,overcast clouds
59,Turmalina,BR,2022-07-29 01:17:02,-17.2856,-42.73,59.2,61,0,0.38,clear sky
60,Orocue,CO,2022-07-29 01:17:03,4.7912,-71.3354,70.05,96,75,4.88,broken clouds
61,Praia Da Vitoria,PT,2022-07-29 01:17:03,38.7333,-27.0667,71.85,83,20,3.58,few clouds
62,Port Alfred,ZA,2022-07-29 01:17:04,-33.5906,26.891,68.18,57,0,3.0,clear sky
63,Yakeshi,CN,2022-07-29 01:17:04,49.2833,120.7333,71.78,66,5,4.88,clear sky
64,Cayenne,GF,2022-07-29 01:14:56,4.9333,-52.3333,76.08,1,75,2.3,broken clouds
65,Gat,IL,2022-07-29 01:17:05,31.61,34.7642,82.4,75,5,3.22,clear sky
66,Tuatapere,NZ,2022-07-29 01:17:05,-46.1333,167.6833,46.58,78,98,3.27,overcast clouds
67,Sola,VU,2022-07-29 01:12:51,-13.8833,167.55,80.08,79,99,13.73,overcast clouds
68,Tiznit,MA,2022-07-29 01:17:06,29.5833,-9.5,72.45,56,0,0.13,clear sky
69,Kharan,PK,2022-07-29 01:17:06,28.5833,65.4167,79.5,75,100,2.46,overcast clouds
70,Hasaki,JP,2022-07-29 01:17:07,35.7333,140.8333,90.28,76,5,13.0,clear sky
71,Samarai,PG,2022-07-29 01:12:48,-10.6167,150.6667,79.21,85,65,14.07,light rain
72,Yellowknife,CA,2022-07-29 01:12:59,62.456,-114.3525,58.1,61,100,11.43,overcast clouds
73,Taltal,CL,2022-07-29 01:17:08,-25.4,-70.4833,58.98,78,97,2.86,overcast clouds
74,Nanortalik,GL,2022-07-29 01:17:08,60.1432,-45.2371,43.25,90,60,2.68,broken clouds
75,Honiara,SB,2022-07-29 01:17:08,-9.4333,159.95,87.39,59,67,6.69,broken clouds
76,Cabo San Lucas,MX,2022-07-29 01:17:09,22.8909,-109.9124,90.7,53,40,11.5,scattered clouds
77,Onokhoy,RU,2022-07-29 01:17:10,51.932,108.0747,62.35,58,100,2.73,overcast clouds
78,Hilo,US,2022-07-29 01:17:10,19.7297,-155.09,83.28,69,20,8.05,few clouds
79,Trelew,AR,2022-07-29 01:12:27,-43.249,-65.3051,48.06,52,0,21.39,clear sky
80,Beyneu,KZ,2022-07-29 01:17:11,45.3167,55.2,73.27,64,0,3.8,clear sky
81,Meulaboh,ID,2022-07-29 01:17:11,4.1363,96.1285,74.28,98,100,4.25,light rain
82,Albany,US,2022-07-29 01:15:17,42.6001,-73.9662,76.41,79,3,6.26,clear sky
83,Hermanus,ZA,2022-07-29 01:17:12,-34.4187,19.2345,60.8,78,100,20.24,overcast clouds
84,Fortuna,US,2022-07-29 01:17:12,40.5982,-124.1573,62.1,87,75,11.5,broken clouds
85,Georgetown,MY,2022-07-29 01:12:46,5.4112,100.3354,82.33,83,20,3.44,few clouds
86,Johor Bahru,MY,2022-07-29 01:17:13,1.4655,103.7578,86.14,83,75,2.3,broken clouds
87,Victoria,HK,2022-07-29 01:15:13,22.2855,114.1577,92.25,76,99,1.99,overcast clouds
88,Rocha,UY,2022-07-29 01:15:44,-34.4833,-54.3333,49.75,77,100,19.95,overcast clouds
89,Qaanaaq,GL,2022-07-29 01:17:14,77.484,-69.3632,39.78,71,24,2.06,few clouds
90,Atuona,PF,2022-07-29 01:17:14,-9.8,-139.0333,76.51,78,40,22.86,light rain
91,Nikolskoye,RU,2022-07-29 01:17:15,59.7035,30.7861,55.29,97,16,4.21,few clouds
92,Chicama,PE,2022-07-29 01:17:15,-7.8447,-79.1469,59.54,83,18,6.53,few clouds
93,Lawton,US,2022-07-29 01:14:26,34.6087,-98.3903,98.51,28,75,9.22,broken clouds
94,Komsomolskiy,UZ,2022-07-29 01:18:16,40.4272,71.7189,84.92,20,100,13.8,overcast clouds
95,Souillac,MU,2022-07-29 01:18:17,-20.5167,57.5167,68.38,83,40,11.5,scattered clouds
96,Tasiilaq,GL,2022-07-29 01:18:17,65.6145,-37.6368,39.36,95,100,4.0,overcast clouds
97,Kaitangata,NZ,2022-07-29 01:18:18,-46.2817,169.8464,47.5,74,100,8.79,overcast clouds
98,Along,IN,2022-07-29 01:18:18,28.1667,94.7667,77.29,95,78,0.25,broken clouds
99,Mecca,SA,2022-07-29 01:18:19,21.4267,39.8261,88.61,30,60,2.21,broken clouds
100,Flinders,AU,2022-07-29 01:18:19,-34.5833,150.8552,59.05,45,1,10.0,clear sky
101,Svetlaya,RU,2022-07-29 01:18:20,46.5389,138.3297,72.05,83,100,4.72,overcast clouds
102,Vila Franca Do Campo,PT,2022-07-29 01:18:20,37.7167,-25.4333,72.01,90,10,3.83,clear sky
103,Tessalit,ML,2022-07-29 01:18:21,20.1986,1.0114,89.56,34,100,10.29,overcast clouds
104,Lagos,NG,2022-07-29 01:13:28,6.5833,3.75,74.7,87,100,4.97,overcast clouds
105,Khatanga,RU,2022-07-29 01:12:47,71.9667,102.5,68.63,50,90,3.18,overcast clouds
106,Victor Harbor,AU,2022-07-29 01:18:22,-35.5667,138.6167,49.68,94,100,11.12,overcast clouds
107,Amapa,BR,2022-07-29 01:18:22,1.0,-52.0,71.08,97,100,1.7,overcast clouds
108,Srednekolymsk,RU,2022-07-29 01:18:23,67.45,153.6833,65.95,32,5,9.4,clear sky
109,Talcahuano,CL,2022-07-29 01:18:24,-36.7167,-73.1167,51.48,66,0,10.36,clear sky
110,Oistins,BB,2022-07-29 01:18:24,13.0667,-59.5333,80.69,74,20,16.11,few clouds
111,Boyolangu,ID,2022-07-29 01:18:24,-8.1181,111.8935,76.05,84,100,5.32,overcast clouds
112,Abu Samrah,SY,2022-07-29 01:18:25,35.3029,37.1841,79.14,31,0,6.4,clear sky
113,Parainen,FI,2022-07-29 01:18:25,60.3067,22.301,57.15,78,100,13.56,overcast clouds
114,Lasa,IT,2022-07-29 01:18:26,46.6166,10.7002,58.37,91,99,2.28,overcast clouds
115,Faanui,PF,2022-07-29 01:18:27,-16.4833,-151.75,79.0,74,7,22.39,light rain
116,Mbala,ZM,2022-07-29 01:18:27,-8.8402,31.3659,54.72,76,75,7.81,broken clouds
117,Tuktoyaktuk,CA,2022-07-29 01:18:28,69.4541,-133.0374,44.6,87,100,14.97,overcast clouds
118,Batagay-Alyta,RU,2022-07-29 01:18:28,67.8006,130.4114,81.57,40,14,5.44,few clouds
119,Vysotsk,RU,2022-07-29 01:18:29,60.6288,28.5705,55.56,84,85,7.74,overcast clouds
120,Bontang,ID,2022-07-29 01:18:29,0.1333,117.5,80.13,81,82,4.52,broken clouds
121,Tezu,IN,2022-07-29 01:18:30,27.9167,96.1667,79.66,86,68,0.49,broken clouds
122,Bambous Virieux,MU,2022-07-29 01:18:30,-20.3428,57.7575,68.25,83,40,11.5,scattered clouds
123,Houma,US,2022-07-29 01:14:58,29.5958,-90.7195,81.0,89,30,0.0,scattered clouds
124,Vao,NC,2022-07-29 01:18:31,-22.6667,167.4833,69.73,64,33,12.1,scattered clouds
125,Pontal Do Parana,BR,2022-07-29 01:18:31,-25.6533,-48.5128,70.68,67,100,5.66,overcast clouds
126,Urucara,BR,2022-07-29 01:18:32,-2.5364,-57.76,79.75,68,98,2.3,overcast clouds
127,Goderich,CA,2022-07-29 01:18:32,43.7501,-81.7165,72.91,73,55,9.22,broken clouds
128,Merauke,ID,2022-07-29 01:18:33,-8.4667,140.3333,77.79,82,100,16.6,overcast clouds
129,Killybegs,IE,2022-07-29 01:18:33,54.6333,-8.45,56.5,81,84,5.84,broken clouds
130,Mataura,NZ,2022-07-29 01:18:34,-46.1927,168.8643,47.48,83,100,4.27,overcast clouds
131,Surt,LY,2022-07-29 01:18:34,31.2089,16.5887,79.7,74,0,2.8,clear sky
132,Haukipudas,FI,2022-07-29 01:18:35,65.1765,25.3523,53.65,91,100,10.8,overcast clouds
133,Kosikha,RU,2022-07-29 01:18:36,53.3617,84.5822,66.18,65,90,8.16,overcast clouds
134,Kavaratti,IN,2022-07-29 01:18:36,10.5669,72.642,80.6,82,81,14.36,broken clouds
135,Bilibino,RU,2022-07-29 01:18:37,68.0546,166.4372,57.81,42,76,11.59,broken clouds
136,Eureka,US,2022-07-29 01:18:37,40.8021,-124.1637,69.21,82,61,3.0,broken clouds
137,Upernavik,GL,2022-07-29 01:19:38,72.7868,-56.1549,42.22,73,95,7.61,overcast clouds
138,Goure,NE,2022-07-29 01:19:38,13.9835,10.2704,78.03,66,100,6.55,overcast clouds
139,Olafsvik,IS,2022-07-29 01:19:39,64.8945,-23.7142,44.89,75,60,13.76,broken clouds
140,Saint George,US,2022-07-29 01:18:24,37.1041,-113.5841,92.43,36,75,24.16,broken clouds
141,Port Elizabeth,ZA,2022-07-29 01:19:39,-33.918,25.5701,59.31,73,0,4.61,clear sky
142,Plettenberg Bay,ZA,2022-07-29 01:19:40,-34.0527,23.3716,60.03,49,0,8.52,clear sky
143,Egvekinot,RU,2022-07-29 01:19:40,66.3167,-179.1667,43.72,86,88,2.73,overcast clouds
144,Davila,PH,2022-07-29 01:15:40,18.4726,120.5763,87.78,73,33,3.13,scattered clouds
145,Marsa Matruh,EG,2022-07-29 01:19:41,31.3525,27.2453,77.54,72,0,7.0,clear sky
146,Gigmoto,PH,2022-07-29 01:19:42,13.7796,124.39,82.29,82,100,4.92,moderate rain
147,Ponta Do Sol,PT,2022-07-29 01:19:42,32.6667,-17.1,72.23,80,0,2.82,clear sky
148,Dicabisagan,PH,2022-07-29 01:19:43,17.0818,122.4157,85.01,72,100,2.53,overcast clouds
149,Rock Springs,US,2022-07-29 01:19:43,41.5875,-109.2029,72.23,48,45,10.36,scattered clouds
150,Dali,CN,2022-07-29 01:19:44,25.7,100.1833,66.97,84,45,1.21,scattered clouds
151,Liwale,TZ,2022-07-29 01:19:44,-9.7667,37.9333,68.02,60,100,3.47,overcast clouds
152,Whitehorse,CA,2022-07-29 01:19:45,60.7161,-135.0538,64.31,55,75,4.0,broken clouds
153,Pontianak,ID,2022-07-29 01:19:45,-0.0333,109.3333,78.78,88,40,3.44,scattered clouds
154,San Cristobal,VE,2022-07-29 01:19:46,7.7669,-72.225,66.38,96,99,1.95,overcast clouds
155,Touros,BR,2022-07-29 01:19:46,-5.1989,-35.4608,75.87,83,40,11.83,scattered clouds
156,Avarua,CK,2022-07-29 01:12:49,-21.2078,-159.775,78.85,73,40,21.85,scattered clouds
157,La Tuque,CA,2022-07-29 01:19:47,47.4334,-72.7824,70.05,78,32,4.61,scattered clouds
158,Suratgarh,IN,2022-07-29 01:19:47,29.3167,73.9,86.07,69,100,8.84,light rain
159,Udachnyy,RU,2022-07-29 01:19:48,66.4167,112.4,77.45,50,9,7.74,clear sky
160,Korla,CN,2022-07-29 01:19:48,41.7597,86.1469,86.07,26,98,17.49,overcast clouds
161,Pimentel,PE,2022-07-29 01:19:49,-6.8367,-79.9342,62.35,86,1,14.43,clear sky
162,Solnechnyy,RU,2022-07-29 01:19:49,50.7214,136.6319,77.85,70,100,4.09,overcast clouds
163,Lorengau,PG,2022-07-29 01:19:50,-2.0226,147.2712,83.68,75,35,13.69,scattered clouds
164,Sitangkai,PH,2022-07-29 01:19:50,4.6628,119.3928,82.83,71,99,1.66,overcast clouds
165,Severo-Kurilsk,RU,2022-07-29 01:19:51,50.6789,156.125,55.65,88,100,9.53,overcast clouds
166,Leningradskiy,RU,2022-07-29 01:19:52,69.3833,178.4167,43.63,72,65,9.55,broken clouds
167,Yuanping,CN,2022-07-29 01:19:52,38.7153,112.7575,73.47,74,96,1.95,overcast clouds
168,Hudson Bay,CA,2022-07-29 01:19:53,52.85,-102.3842,70.92,53,26,7.0,scattered clouds
169,Hervey Bay,AU,2022-07-29 01:19:53,-25.2986,152.8535,65.01,70,2,8.99,clear sky
170,Porirua,NZ,2022-07-29 01:19:54,-41.1333,174.85,59.85,68,0,22.19,clear sky
171,Batagay,RU,2022-07-29 01:19:55,67.6333,134.6333,83.34,41,19,1.95,few clouds
172,Kuusamo,FI,2022-07-29 01:19:55,65.9667,29.1833,51.84,87,100,9.22,overcast clouds
173,Esperance,AU,2022-07-29 01:19:56,-33.8667,121.9,61.07,77,100,14.85,overcast clouds
174,Inhambane,MZ,2022-07-29 01:19:56,-23.865,35.3833,61.09,80,0,5.03,clear sky
175,Bukama,CD,2022-07-29 01:19:57,-9.2,25.85,68.04,41,24,2.93,few clouds
176,Nhulunbuy,AU,2022-07-29 01:19:57,-12.2333,136.7667,81.21,61,40,20.71,scattered clouds
177,Saldanha,ZA,2022-07-29 01:19:58,-33.0117,17.9442,57.25,79,100,17.67,light rain
178,Mahibadhoo,MV,2022-07-29 01:19:58,3.7833,72.9667,81.97,76,38,13.47,scattered clouds
179,Iqaluit,CA,2022-07-29 01:19:59,63.7506,-68.5145,54.7,58,75,2.3,broken clouds
180,Avera,US,2022-07-29 01:19:59,33.194,-82.5271,85.51,58,100,5.82,overcast clouds
181,Chokurdakh,RU,2022-07-29 01:20:00,70.6333,147.9167,58.82,33,100,14.34,overcast clouds
182,Koboko,UG,2022-07-29 01:20:00,3.4136,30.9599,61.95,96,98,3.22,light rain
183,Norman Wells,CA,2022-07-29 01:21:01,65.282,-126.8329,68.04,40,75,6.91,broken clouds
184,Sunland Park,US,2022-07-29 01:21:01,31.7965,-106.58,92.48,28,0,9.22,clear sky
185,Labuhan,ID,2022-07-29 01:21:02,-6.8844,112.2051,79.61,76,94,8.16,overcast clouds
186,Mantua,IT,2022-07-29 01:21:02,45.1667,10.7833,72.95,78,94,1.99,overcast clouds
187,Salalah,OM,2022-07-29 01:21:03,17.0151,54.0924,75.29,94,75,5.75,broken clouds
188,Kautokeino,NO,2022-07-29 01:18:14,69.0125,23.0412,43.92,82,73,1.57,broken clouds
189,Lompoc,US,2022-07-29 01:16:28,34.6391,-120.4579,80.74,79,20,14.97,few clouds
190,Vestmannaeyjar,IS,2022-07-29 01:21:04,63.4427,-20.2734,49.84,79,100,1.99,overcast clouds
191,East London,ZA,2022-07-29 01:21:04,-33.0153,27.9116,67.35,59,0,11.14,clear sky
192,Kenscoff,HT,2022-07-29 01:21:04,18.4506,-72.2869,60.94,83,77,14.97,broken clouds
193,Keti Bandar,PK,2022-07-29 01:21:05,24.1447,67.4497,81.23,79,100,14.5,overcast clouds
194,Evensk,RU,2022-07-29 01:21:05,61.95,159.2333,57.16,53,100,2.75,overcast clouds
195,Coahuayana,MX,2022-07-29 01:21:06,18.7333,-103.6833,78.53,85,100,2.33,overcast clouds
196,Bredasdorp,ZA,2022-07-29 01:21:06,-34.5322,20.0403,54.75,69,0,13.51,clear sky
197,Adrar,MR,2022-07-29 01:21:07,20.5022,-10.0711,93.24,27,43,21.36,scattered clouds
198,Kabanjahe,ID,2022-07-29 01:21:07,3.1001,98.4908,65.95,93,94,3.78,moderate rain
199,Den Helder,NL,2022-07-29 01:21:08,52.9599,4.7593,62.58,72,100,14.0,overcast clouds
200,Sorland,NO,2022-07-29 01:21:08,67.667,12.6934,53.46,89,100,18.61,overcast clouds
201,Tautira,PF,2022-07-29 01:21:09,-17.7333,-149.15,77.49,78,21,20.67,light rain
202,Berlevag,NO,2022-07-29 01:21:09,70.8578,29.0864,48.2,87,100,9.22,overcast clouds
203,Mbandaka,CD,2022-07-29 01:21:10,0.0487,18.2603,70.83,80,100,2.3,overcast clouds
204,Jalu,LY,2022-07-29 01:21:10,29.0331,21.5482,83.12,40,0,11.81,clear sky
205,Chapais,CA,2022-07-29 01:21:11,49.7834,-74.8492,62.38,95,44,6.26,scattered clouds
206,Clyde River,CA,2022-07-29 01:21:11,70.4692,-68.5914,37.63,100,100,9.22,mist
207,Yenagoa,NG,2022-07-29 01:21:12,4.9247,6.2642,72.37,96,100,4.23,light rain
208,Puerto Ayora,EC,2022-07-29 01:21:12,-0.7393,-90.3518,69.55,96,65,1.99,broken clouds
209,Temerloh,MY,2022-07-29 01:21:13,3.4483,102.4176,78.21,92,41,2.26,scattered clouds
210,Luganville,VU,2022-07-29 01:21:13,-15.5333,167.1667,80.87,78,92,4.38,overcast clouds
211,Airai,TL,2022-07-29 01:21:14,-8.9266,125.4092,65.75,44,51,4.52,broken clouds
212,Provideniya,RU,2022-07-29 01:21:14,64.3833,-173.3,48.36,100,40,11.18,fog
213,Ennis,IE,2022-07-29 01:21:15,52.8436,-8.9864,58.93,88,75,8.05,broken clouds
214,Burlington,US,2022-07-29 01:20:53,39.8835,-74.6413,84.78,69,75,24.16,broken clouds
215,Charters Towers,AU,2022-07-29 01:21:15,-20.1,146.2667,64.26,41,0,10.45,clear sky
216,Ayan,RU,2022-07-29 01:21:16,56.45,138.1667,60.73,87,100,11.79,overcast clouds
217,Fairbanks,US,2022-07-29 01:20:32,64.8378,-147.7164,67.01,48,40,8.05,scattered clouds
218,Sabang,ID,2022-07-29 01:21:17,5.8933,95.3214,80.49,82,100,22.28,overcast clouds
219,Sao Filipe,CV,2022-07-29 01:21:17,14.8961,-24.4956,79.34,74,0,14.81,clear sky
220,Raudeberg,NO,2022-07-29 01:21:18,61.9875,5.1352,54.27,76,100,3.56,overcast clouds
221,Juneau,US,2022-07-29 01:16:38,58.3019,-134.4197,60.84,97,100,14.97,moderate rain
222,Calamar,CO,2022-07-29 01:21:18,10.2511,-74.9146,75.16,94,100,6.15,overcast clouds
223,Naze,JP,2022-07-29 01:21:19,28.3667,129.4833,85.12,84,98,14.67,overcast clouds
224,Katsuura,JP,2022-07-29 01:21:19,35.1333,140.3,84.11,77,30,10.65,scattered clouds
225,Sao Joao Da Barra,BR,2022-07-29 01:21:20,-21.6403,-41.0511,71.22,86,2,19.66,clear sky
226,Dakar,SN,2022-07-29 01:19:48,14.6937,-17.4441,81.48,76,63,17.38,broken clouds
227,Kirakira,SB,2022-07-29 01:21:20,-10.4544,161.9205,82.35,77,45,7.4,scattered clouds
228,Puerto Colombia,CO,2022-07-29 01:21:21,10.9878,-74.9547,78.89,78,97,5.28,overcast clouds
229,Kizilskoye,RU,2022-07-29 01:21:21,52.7255,58.8937,51.66,92,13,6.31,few clouds
230,Bikaner,IN,2022-07-29 01:20:20,28.0167,73.3,83.12,74,100,12.59,overcast clouds
231,Yar-Sale,RU,2022-07-29 01:22:22,66.8333,70.8333,64.11,65,100,6.69,overcast clouds
232,Geraldton,AU,2022-07-29 01:22:22,-28.7667,114.6,63.01,88,100,8.05,light rain
233,Ixtapa,MX,2022-07-29 01:22:23,20.7,-105.2,85.23,66,75,8.05,broken clouds
234,Kristiinankaupunki,FI,2022-07-29 01:22:24,62.2743,21.376,51.84,84,55,4.45,broken clouds
235,Port Hedland,AU,2022-07-29 01:19:20,-20.3167,118.5667,73.45,20,0,14.97,clear sky
236,Iranshahr,IR,2022-07-29 01:22:24,27.2025,60.6848,84.79,62,88,6.49,overcast clouds
237,Mogadishu,SO,2022-07-29 01:22:25,2.0371,45.3438,75.74,84,98,16.02,light rain
238,Beringovskiy,RU,2022-07-29 01:22:25,63.05,179.3167,49.03,77,100,12.75,overcast clouds
239,Fort Saint James,CA,2022-07-29 01:22:26,54.4333,-124.25,89.78,21,0,6.44,clear sky
240,Laguna,US,2022-07-29 01:17:45,38.421,-121.4238,101.32,40,0,12.66,clear sky
241,North Platte,US,2022-07-29 01:22:26,41.1239,-100.7654,76.12,62,75,5.99,broken clouds
242,Narok,KE,2022-07-29 01:22:27,-1.0783,35.8601,55.58,89,100,4.61,overcast clouds
243,Ankang,CN,2022-07-29 01:22:27,32.68,109.0172,80.13,63,0,2.57,clear sky
244,Kankaanpaa,FI,2022-07-29 01:22:28,61.8,22.4167,50.76,96,35,4.79,scattered clouds
245,Broome,US,2022-07-29 01:22:28,42.2506,-75.833,73.71,82,0,5.75,clear sky
246,Mount Gambier,AU,2022-07-29 01:22:29,-37.8333,140.7667,50.65,67,31,3.33,scattered clouds
247,Basoko,CD,2022-07-29 01:22:29,1.2391,23.616,70.18,96,100,3.83,overcast clouds
248,Cidreira,BR,2022-07-29 01:22:30,-30.1811,-50.2056,55.18,90,100,19.89,heavy intensity rain
249,Koumac,NC,2022-07-29 01:22:30,-20.5667,164.2833,72.75,70,61,5.79,broken clouds
250,Kununurra,AU,2022-07-29 01:22:31,-15.7667,128.7333,78.78,22,5,16.11,clear sky
251,Hualmay,PE,2022-07-29 01:22:31,-11.0964,-77.6139,61.18,81,37,10.51,scattered clouds
252,Katobu,ID,2022-07-29 01:22:32,-4.9408,122.5276,81.75,63,88,10.49,overcast clouds
253,San Quintin,MX,2022-07-29 01:22:32,30.4833,-115.95,70.93,74,12,10.83,few clouds
254,Gweta,BW,2022-07-29 01:22:33,-20.1833,25.2333,56.25,35,0,13.06,clear sky
255,Brookhaven,US,2022-07-29 01:22:34,31.5791,-90.4407,77.25,64,98,4.45,overcast clouds
256,Vardo,NO,2022-07-29 01:22:34,70.3705,31.1107,48.18,87,100,9.22,overcast clouds
257,Merced,US,2022-07-29 01:19:50,37.1666,-120.7516,98.94,12,4,9.78,clear sky
258,Lingdong,CN,2022-07-29 01:22:35,46.5669,131.1453,81.25,60,100,7.87,overcast clouds
259,Chunhuhub,MX,2022-07-29 01:22:35,19.55,-88.6833,83.3,63,13,6.82,few clouds
260,Minab,IR,2022-07-29 01:22:36,27.1467,57.0801,84.52,70,100,3.44,overcast clouds
261,Nemuro,JP,2022-07-29 01:22:37,43.3236,145.575,62.04,89,98,2.13,overcast clouds
262,Puerto Ayacucho,VE,2022-07-29 01:22:37,5.6639,-67.6236,73.76,94,82,1.36,broken clouds
263,Neyshabur,IR,2022-07-29 01:22:38,36.2133,58.7958,77.85,33,11,1.12,few clouds
264,Sechura,PE,2022-07-29 01:22:38,-5.5569,-80.8222,63.45,80,6,15.77,clear sky
265,Beloha,MG,2022-07-29 01:22:39,-25.1667,45.05,63.01,80,0,11.07,clear sky
266,Ahipara,NZ,2022-07-29 01:22:39,-35.1667,173.1667,59.88,63,70,9.35,broken clouds
267,Huarmey,PE,2022-07-29 01:22:40,-10.0681,-78.1522,62.24,84,44,11.01,scattered clouds
268,Hurricane,US,2022-07-29 01:18:18,37.1753,-113.2899,90.5,37,13,7.47,few clouds
269,Ararat,AM,2022-07-29 01:22:40,39.8317,44.7049,79.14,54,0,2.53,clear sky
270,San Vicente,AR,2022-07-29 01:22:41,-26.6167,-54.1333,60.85,85,100,6.98,overcast clouds
271,Erdenet,MN,2022-07-29 01:22:41,49.0333,104.0833,57.45,76,73,4.07,broken clouds
272,Itarema,BR,2022-07-29 01:22:42,-2.9248,-39.9167,78.73,79,100,12.21,overcast clouds
273,Faya,SA,2022-07-29 01:22:43,18.3851,42.4509,69.91,46,86,4.32,overcast clouds
274,Bardiyah,LY,2022-07-29 01:22:43,31.7561,25.0865,76.93,84,0,10.54,clear sky
275,Nishihara,JP,2022-07-29 01:22:43,26.1842,127.7558,88.88,70,75,12.66,broken clouds
276,Great Falls,US,2022-07-29 01:22:44,47.5002,-111.3008,88.99,22,0,10.36,clear sky
277,Abatskoye,RU,2022-07-29 01:23:45,56.2875,70.4555,56.97,93,98,11.36,overcast clouds
278,Pomezia,IT,2022-07-29 01:23:45,41.667,12.5052,77.41,75,0,3.44,clear sky
279,Hamilton,US,2022-07-29 01:22:47,39.1834,-84.5333,81.84,73,40,5.75,moderate rain
280,Lavrentiya,RU,2022-07-29 01:23:46,65.5833,-171.0,45.99,86,100,4.61,overcast clouds
281,Svetlyy,RU,2022-07-29 01:23:47,54.675,20.1347,50.05,85,16,3.02,few clouds
282,Jijiga,ET,2022-07-29 01:23:47,9.35,42.8,63.63,66,47,19.93,scattered clouds
283,Talnakh,RU,2022-07-29 01:23:47,69.4865,88.3972,58.21,58,0,12.01,clear sky
284,Toktogul,KG,2022-07-29 01:23:48,41.8708,72.9402,71.55,55,0,0.69,clear sky
285,Ler,SS,2022-07-29 01:23:48,8.3018,30.1418,68.7,96,88,4.03,overcast clouds
286,Saint-Pierre,RE,2022-07-29 01:23:49,-21.3393,55.4781,65.28,74,0,5.75,clear sky
287,Ryotsu,JP,2022-07-29 01:23:50,38.0833,138.4333,82.33,73,2,2.08,clear sky
288,Marawi,PH,2022-07-29 01:23:50,7.9986,124.2928,78.89,70,100,3.18,overcast clouds
289,Kaseda,JP,2022-07-29 01:23:51,31.4167,130.3167,83.95,76,10,17.81,clear sky
290,Gladstone,AU,2022-07-29 01:23:51,-23.85,151.25,69.73,46,45,6.91,scattered clouds
291,Maragogi,BR,2022-07-29 01:23:52,-9.0122,-35.2225,72.99,89,29,2.98,scattered clouds
292,Rio Tuba,PH,2022-07-29 01:23:52,8.5061,117.4317,84.24,71,94,6.71,overcast clouds
293,Pisco,PE,2022-07-29 01:23:53,-13.7,-76.2167,60.85,82,40,10.36,mist
294,Nioro,GM,2022-07-29 01:23:53,13.35,-15.75,77.9,87,95,8.21,overcast clouds
295,Umba,RU,2022-07-29 01:23:54,66.6871,34.3429,52.41,78,100,15.28,overcast clouds
296,Bilma,NE,2022-07-29 01:23:55,18.6853,12.9164,84.43,48,100,15.21,overcast clouds
297,Fare,PF,2022-07-29 01:23:55,-16.7,-151.0167,79.12,73,0,21.77,clear sky
298,Auki,SB,2022-07-29 01:23:56,-8.7676,160.7034,85.95,60,19,3.15,few clouds
299,Acapulco,MX,2022-07-29 01:23:56,16.8634,-99.8901,84.02,70,40,0.0,scattered clouds
300,Tolaga Bay,NZ,2022-07-29 01:23:57,-38.3667,178.3,59.52,63,8,12.1,clear sky
301,Mirnyy,RU,2022-07-29 01:23:57,62.5353,113.9611,77.23,57,69,7.0,broken clouds
302,Klaksvik,FO,2022-07-29 01:23:58,62.2266,-6.589,52.72,89,100,16.6,overcast clouds
303,Nelson Bay,AU,2022-07-29 01:23:58,-32.7167,152.15,61.09,53,21,11.01,few clouds
304,Narsaq,GL,2022-07-29 01:23:59,60.9167,-46.05,50.22,73,14,1.48,few clouds
305,Candelaria,PH,2022-07-29 01:24:00,13.9311,121.4233,84.38,72,100,6.4,overcast clouds
306,Pitimbu,BR,2022-07-29 01:24:00,-7.4706,-34.8086,73.99,82,33,8.16,scattered clouds
307,Butere,KE,2022-07-29 01:24:01,0.2064,34.4935,62.06,90,100,3.22,overcast clouds
308,Tabas,IR,2022-07-29 01:24:01,33.5959,56.9244,89.76,23,99,2.48,overcast clouds
309,Colquiri,BO,2022-07-29 01:24:02,-17.4167,-67.1333,39.43,37,96,3.36,overcast clouds
310,Isangel,VU,2022-07-29 01:24:02,-19.55,169.2667,75.83,86,100,11.45,light rain
311,Cap-Aux-Meules,CA,2022-07-29 01:20:02,47.3821,-61.8597,62.65,88,20,6.91,few clouds
312,Progreso,MX,2022-07-29 01:24:03,21.2833,-89.6667,77.11,83,79,15.99,broken clouds
313,Gunjur,GM,2022-07-29 01:24:03,13.2019,-16.7339,77.07,100,75,10.36,light rain
314,Vitoria Da Conquista,BR,2022-07-29 01:24:04,-14.8661,-40.8394,58.14,77,11,2.46,few clouds
315,Otorohanga,NZ,2022-07-29 01:24:05,-38.1833,175.2,60.33,44,6,8.84,clear sky
316,Santarem,BR,2022-07-29 01:24:05,-2.4431,-54.7083,77.13,94,0,2.3,clear sky
317,Ostersund,SE,2022-07-29 01:24:06,63.1792,14.6357,45.05,93,13,5.01,few clouds
318,Rahuri,IN,2022-07-29 01:24:06,19.3833,74.65,76.69,83,100,6.64,moderate rain
319,Kruisfontein,ZA,2022-07-29 01:25:07,-34.0033,24.7314,58.69,46,0,9.93,clear sky
320,Port Lincoln,AU,2022-07-29 01:25:07,-34.7333,135.8667,55.6,78,100,15.21,overcast clouds
321,Antofagasta,CL,2022-07-29 01:25:08,-23.65,-70.4,56.48,82,63,7.09,broken clouds
322,Sept-Iles,CA,2022-07-29 01:25:08,50.2001,-66.3821,60.06,91,40,16.11,scattered clouds
323,Maumere,ID,2022-07-29 01:25:09,-8.6199,122.2111,78.98,67,100,3.65,overcast clouds
324,Northam,GB,2022-07-29 01:25:09,51.0333,-4.2167,56.39,94,21,3.6,few clouds
325,Simpang,ID,2022-07-29 01:25:10,-1.2667,104.0833,80.08,80,100,3.47,overcast clouds
326,Borba,BR,2022-07-29 01:25:10,-4.3878,-59.5939,80.4,47,38,1.39,scattered clouds
327,Urdoma,RU,2022-07-29 01:25:11,61.7533,48.5442,57.65,81,6,4.72,clear sky
328,Sakaraha,MG,2022-07-29 01:25:11,-22.9,44.5333,56.17,87,0,2.73,clear sky
329,Totolapa,MX,2022-07-29 01:25:12,18.5167,-96.1833,77.0,90,92,6.2,overcast clouds
330,Camacha,PT,2022-07-29 01:25:12,33.0833,-16.3333,67.42,88,40,14.97,scattered clouds
331,Jiblah,YE,2022-07-29 01:25:13,13.9216,44.1467,66.78,63,90,3.13,overcast clouds
332,Sharqpur,PK,2022-07-29 01:25:13,31.4633,74.1,80.73,86,100,3.51,overcast clouds
333,Olinda,BR,2022-07-29 01:25:14,-8.0089,-34.8553,74.93,88,40,5.75,scattered clouds
334,Shaowu,CN,2022-07-29 01:25:15,27.3409,117.4831,86.4,66,88,1.77,overcast clouds
335,Sibolga,ID,2022-07-29 01:25:15,1.7427,98.7792,76.08,91,100,1.03,overcast clouds
336,Zaykovo,RU,2022-07-29 01:25:16,57.5613,62.7568,53.46,87,30,6.08,scattered clouds
337,Shitanjing,CN,2022-07-29 01:25:16,39.2342,106.3439,78.73,25,7,8.48,clear sky
338,Pospelikha,RU,2022-07-29 01:25:17,51.95,81.7667,66.65,62,10,10.92,clear sky
339,Uzunovo,RU,2022-07-29 01:25:17,54.5386,38.6173,60.66,96,98,9.37,overcast clouds
340,Lima,PE,2022-07-29 01:22:21,-12.0432,-77.0282,57.9,89,100,4.61,overcast clouds
341,Cap Malheureux,MU,2022-07-29 01:25:18,-19.9842,57.6142,67.46,76,0,3.0,clear sky
342,Saint-Paul,RE,2022-07-29 01:21:16,-21.0096,55.2707,66.29,78,38,2.59,scattered clouds
343,Bubaque,GW,2022-07-29 01:25:18,11.2833,-15.8333,79.34,83,16,16.37,light rain
344,Rosita,NI,2022-07-29 01:25:19,13.9268,-84.4032,74.52,92,9,1.99,clear sky
345,Tonj,SS,2022-07-29 01:25:19,7.2737,28.6822,67.1,97,32,2.98,scattered clouds
346,Rach Gia,VN,2022-07-29 01:25:20,10.0167,105.0833,82.63,80,9,7.52,clear sky
347,Saint-Augustin,CA,2022-07-29 01:25:20,51.226,-58.6502,53.29,80,82,11.05,broken clouds
348,Kalaleh,IR,2022-07-29 01:25:21,37.3807,55.4916,73.76,92,100,6.6,light rain
349,Luderitz,NA,2022-07-29 01:25:21,-26.6481,15.1594,52.61,87,62,2.57,broken clouds
350,Kankan,GN,2022-07-29 01:25:22,10.3854,-9.3057,71.33,92,52,8.12,broken clouds
351,Corozal,CO,2022-07-29 01:25:22,9.3151,-75.2928,74.19,90,99,4.38,overcast clouds
352,Petrolina,BR,2022-07-29 01:25:23,-9.3986,-40.5008,75.25,60,20,6.91,few clouds
353,Portland,US,2022-07-29 01:20:25,45.5234,-122.6762,99.7,45,20,8.05,few clouds
354,Aklavik,CA,2022-07-29 01:25:24,68.2191,-135.0107,49.87,70,100,3.18,overcast clouds
355,Haines Junction,CA,2022-07-29 01:25:24,60.7522,-137.5108,66.15,45,100,4.61,overcast clouds
356,Diego De Almagro,CL,2022-07-29 01:25:25,-26.3667,-70.05,56.91,55,64,1.41,broken clouds
357,Bambanglipuro,ID,2022-07-29 01:25:25,-7.95,110.2833,77.81,80,74,7.11,broken clouds
358,Salinopolis,BR,2022-07-29 01:25:26,-0.6136,-47.3561,78.15,85,22,9.75,few clouds
359,Dunedin,NZ,2022-07-29 01:25:27,-45.8742,170.5036,47.8,71,98,7.0,overcast clouds
360,Ribeira Grande,PT,2022-07-29 01:25:27,38.5167,-28.7,73.08,79,13,4.14,few clouds
361,Kodiak,US,2022-07-29 01:25:28,57.79,-152.4072,65.71,39,0,4.61,clear sky
362,Nivala,FI,2022-07-29 01:25:28,63.9167,24.9667,53.69,99,98,4.61,overcast clouds
363,Jacareacanga,BR,2022-07-29 01:25:29,-6.2222,-57.7528,75.38,51,5,1.05,clear sky
364,Hami,CN,2022-07-29 01:26:29,42.8,93.45,90.55,13,100,12.57,overcast clouds
365,Atar,MR,2022-07-29 01:26:29,20.5169,-13.0499,93.56,33,7,9.69,clear sky
366,Batsfjord,NO,2022-07-29 01:26:30,70.6345,29.7185,48.13,87,100,5.75,overcast clouds
367,Ranau,MY,2022-07-29 01:26:30,5.9538,116.6641,77.59,84,88,1.07,overcast clouds
368,Khovu-Aksy,RU,2022-07-29 01:26:31,51.1333,93.6,60.64,49,26,0.4,scattered clouds
369,Corn Island,NI,2022-07-29 01:22:17,12.1694,-83.0418,80.33,80,40,10.25,scattered clouds
370,Marsh Harbour,BS,2022-07-29 01:26:32,26.5412,-77.0636,82.83,73,12,14.63,few clouds
371,Kamenka,RU,2022-07-29 01:26:32,51.3223,42.7678,67.5,68,84,6.38,broken clouds
372,Impfondo,CG,2022-07-29 01:26:33,1.6381,18.0667,71.69,89,100,2.06,overcast clouds
373,Cherskiy,RU,2022-07-29 01:26:33,68.75,161.3,62.33,35,34,4.29,scattered clouds
374,Quatre Cocos,MU,2022-07-29 01:26:34,-20.2078,57.7625,68.11,76,13,12.12,few clouds
375,Iquitos,PE,2022-07-29 01:26:34,-3.7481,-73.2472,75.24,94,0,3.44,clear sky
376,Matadi,CD,2022-07-29 01:26:35,-5.8167,13.45,68.56,89,19,3.06,few clouds
377,Sao Joao Del Rei,BR,2022-07-29 01:26:35,-21.1356,-44.2617,59.95,58,3,4.68,clear sky
378,Qandala,SO,2022-07-29 01:26:36,11.472,49.8728,88.16,49,0,7.96,clear sky
379,Bowen,AU,2022-07-29 01:26:36,-20.0167,148.2333,67.41,59,91,10.31,overcast clouds
380,Emba,KZ,2022-07-29 01:26:17,48.8264,58.1442,69.96,55,16,4.85,few clouds
381,Seddon,AU,2022-07-29 01:26:37,-37.8068,144.8916,55.67,80,75,6.91,broken clouds
382,Anadyr,RU,2022-07-29 01:26:37,64.75,177.4833,52.3,81,75,20.13,broken clouds
383,Bengbu,CN,2022-07-29 01:26:38,32.9408,117.3608,80.62,78,97,4.81,overcast clouds
384,Muzaffarabad,PK,2022-07-29 01:26:38,34.37,73.4711,76.77,93,95,1.81,overcast clouds
385,Santa Cruz,BO,2022-07-29 01:22:46,-17.8,-63.1667,72.86,78,20,4.61,few clouds
386,Bentiu,SS,2022-07-29 01:26:39,9.2333,29.8333,69.51,97,99,3.89,overcast clouds
387,Praya,CV,2022-07-29 01:26:39,14.9215,-23.5087,81.14,57,20,5.75,few clouds
388,Guerrero Negro,MX,2022-07-29 01:26:40,27.9769,-114.0611,72.75,70,26,14.65,scattered clouds
389,Vanimo,PG,2022-07-29 01:26:40,-2.6741,141.3028,83.39,72,93,8.28,overcast clouds
390,Stettler,CA,2022-07-29 01:26:41,52.3168,-112.7186,82.15,54,0,6.91,clear sky
391,Visby,SE,2022-07-29 01:26:42,57.6409,18.296,43.02,100,20,2.3,few clouds
392,Port Hardy,CA,2022-07-29 01:26:42,50.6996,-127.4199,75.38,57,0,8.05,clear sky
393,Aneho,TG,2022-07-29 01:26:43,6.2333,1.6,76.35,79,100,12.53,overcast clouds
394,Tingo Maria,PE,2022-07-29 01:26:43,-9.2895,-76.0088,72.09,80,52,1.83,broken clouds
395,Grindavik,IS,2022-07-29 01:21:49,63.8424,-22.4338,46.87,87,100,12.66,overcast clouds
396,College,US,2022-07-29 01:26:44,64.8569,-147.8028,66.99,48,75,8.05,broken clouds
397,Agadez,NE,2022-07-29 01:26:44,19.75,10.25,90.1,23,100,2.46,overcast clouds
398,Kavieng,PG,2022-07-29 01:26:45,-2.5744,150.7967,84.69,70,44,17.54,scattered clouds
399,Lanxi,CN,2022-07-29 01:26:45,29.2195,119.477,85.41,70,0,2.44,clear sky
400,Tadine,NC,2022-07-29 01:26:46,-21.55,167.8833,72.82,70,98,13.67,overcast clouds
401,Berbera,SO,2022-07-29 01:26:46,10.4396,45.0143,89.37,39,1,21.5,clear sky
402,Arona,ES,2022-07-29 01:26:47,28.0996,-16.681,68.7,84,20,18.41,few clouds
403,Cervo,ES,2022-07-29 01:26:47,43.6702,-7.4101,62.96,80,90,3.44,overcast clouds
404,Carutapera,BR,2022-07-29 01:26:48,-1.195,-46.02,75.85,90,3,6.29,clear sky
405,Henties Bay,NA,2022-07-29 01:26:48,-22.116,14.2845,53.1,90,3,6.6,clear sky
406,Polovinnoye,RU,2022-07-29 01:26:49,54.7914,65.9864,57.65,88,100,12.75,overcast clouds
407,Kailua,US,2022-07-29 01:24:24,21.4022,-157.7394,84.18,61,0,10.36,clear sky
408,Kachug,RU,2022-07-29 01:26:50,53.9606,105.8817,59.41,86,91,3.85,overcast clouds
409,Buraydah,SA,2022-07-29 01:27:50,26.326,43.975,91.85,16,92,9.42,overcast clouds
410,Djibo,BF,2022-07-29 01:27:51,14.1022,-1.6306,77.77,73,100,20.0,light rain
411,Bekhteyevka,RU,2022-07-29 01:27:51,50.8072,37.2085,61.7,89,3,8.68,clear sky
412,Bahia Honda,CU,2022-07-29 01:27:51,22.9036,-83.1592,80.64,84,0,12.73,clear sky
413,Florianopolis,BR,2022-07-29 01:24:12,-27.6146,-48.5012,70.41,76,0,11.5,clear sky
414,Prainha,BR,2022-07-29 01:27:52,-1.8,-53.48,79.0,70,75,2.89,broken clouds
415,Yulara,AU,2022-07-29 01:27:52,-25.2406,130.9889,58.33,26,89,13.91,overcast clouds
416,Sarata,UA,2022-07-29 01:27:53,46.0197,29.6657,73.29,57,94,5.21,overcast clouds
417,Lundazi,ZM,2022-07-29 01:27:53,-12.2929,33.1782,57.42,67,97,10.56,overcast clouds
418,Champerico,GT,2022-07-29 01:27:54,14.3,-91.9167,79.2,83,100,4.99,overcast clouds
419,Vierzon,FR,2022-07-29 01:27:54,47.2101,2.0625,68.59,48,100,4.9,overcast clouds
420,Mrkonjic Grad,BA,2022-07-29 01:27:55,44.4158,17.0861,59.9,78,6,4.21,clear sky
421,Gimli,CA,2022-07-29 01:27:55,50.6336,-96.9907,66.69,70,6,7.09,clear sky
422,Buin,CL,2022-07-29 01:27:56,-33.7333,-70.75,54.73,41,0,3.27,clear sky
423,Dingle,PH,2022-07-29 01:27:56,10.9995,122.6711,84.07,78,100,9.46,overcast clouds
424,Buala,SB,2022-07-29 01:27:57,-8.145,159.5921,85.01,68,56,9.78,light rain
425,Akcakoca,TR,2022-07-29 01:27:57,41.0866,31.1162,67.62,90,10,3.58,clear sky
426,Sidrolandia,BR,2022-07-29 01:27:58,-20.9319,-54.9614,71.37,36,7,4.25,clear sky
427,Adre,TD,2022-07-29 01:27:59,13.4667,22.2,74.23,79,95,7.58,overcast clouds
428,Turukhansk,RU,2022-07-29 01:27:59,65.8167,87.9833,59.43,63,0,13.22,clear sky
429,Lethem,GY,2022-07-29 01:28:00,3.3803,-59.7968,77.32,86,100,3.44,moderate rain
430,Prince Rupert,CA,2022-07-29 01:28:00,54.3161,-130.3201,67.69,82,0,16.11,clear sky
431,Vila Do Maio,CV,2022-07-29 01:28:01,15.1333,-23.2167,81.39,80,3,18.07,clear sky
432,Ariquemes,BR,2022-07-29 01:28:01,-9.9133,-63.0408,74.82,46,0,1.23,clear sky
433,Podporozhye,RU,2022-07-29 01:28:02,60.9112,34.1706,51.89,98,100,3.24,overcast clouds
434,Gorontalo,ID,2022-07-29 01:28:02,0.5412,123.0595,77.13,94,100,3.06,overcast clouds
435,Manzanillo,CU,2022-07-29 01:28:03,20.3433,-77.1167,73.87,92,82,10.74,broken clouds
436,Gympie,AU,2022-07-29 01:28:03,-26.1898,152.665,66.96,47,0,2.24,clear sky
437,Khani,GE,2022-07-29 01:28:04,41.9563,42.9566,56.77,91,1,3.56,clear sky
438,Kahului,US,2022-07-29 01:27:43,20.8947,-156.47,87.82,45,40,19.57,scattered clouds
439,Nangomba,TZ,2022-07-29 01:28:04,-10.9,38.5,65.61,82,0,4.14,clear sky
440,Koster,ZA,2022-07-29 01:28:05,-25.863,26.8976,47.08,57,1,8.46,clear sky
441,Abay,KZ,2022-07-29 01:28:05,49.6311,72.8539,64.78,72,39,5.1,scattered clouds
442,Ena,JP,2022-07-29 01:28:06,35.4498,137.4128,86.85,60,0,3.38,clear sky
443,Riyadh,SA,2022-07-29 01:24:48,24.6877,46.7219,91.54,34,100,5.03,overcast clouds
444,Natchez,US,2022-07-29 01:24:42,31.5604,-91.4032,79.02,83,0,5.75,clear sky
445,Daru,PG,2022-07-29 01:28:07,-9.0763,143.2092,76.44,91,100,19.39,overcast clouds
446,Conway,US,2022-07-29 01:28:07,35.0887,-92.4421,85.84,70,40,4.61,scattered clouds
447,Martil,MA,2022-07-29 01:28:08,35.6166,-5.2752,69.76,73,0,1.14,clear sky
448,Aksarka,RU,2022-07-29 01:28:08,66.5606,67.7975,64.09,63,99,6.38,overcast clouds
449,Urengoy,RU,2022-07-29 01:28:09,65.9667,78.3667,62.2,76,17,6.42,few clouds
450,Sovetskiy,RU,2022-07-29 01:28:09,61.3614,63.5842,59.72,64,0,2.39,clear sky
451,Canavieiras,BR,2022-07-29 01:28:10,-15.675,-38.9472,68.7,85,3,3.74,clear sky
452,Xai-Xai,MZ,2022-07-29 01:28:11,-25.0519,33.6442,57.69,84,0,4.68,clear sky
453,Canoa,DO,2022-07-29 01:28:11,18.355,-71.1585,78.6,72,15,4.52,few clouds
454,Elko,US,2022-07-29 01:29:12,41.0002,-115.5012,93.74,11,49,13.0,scattered clouds
455,Yambio,SS,2022-07-29 01:29:12,4.5721,28.3955,66.09,97,86,2.37,light rain
456,Lagoa,PT,2022-07-29 01:29:12,39.05,-27.9833,71.74,78,0,2.86,clear sky
457,Kragero,NO,2022-07-29 01:27:46,58.8693,9.4149,51.58,83,6,2.91,clear sky
458,Tarabuco,BO,2022-07-29 01:29:13,-19.1667,-64.9167,48.4,65,69,6.2,broken clouds
459,Cururupu,BR,2022-07-29 01:29:14,-1.8283,-44.8683,74.43,91,18,3.13,few clouds
460,Secunda,ZA,2022-07-29 01:29:14,-26.55,29.1667,45.3,92,1,1.01,clear sky
461,Parambu,BR,2022-07-29 01:29:15,-6.2111,-40.6944,73.26,49,9,4.16,clear sky
462,Eisenberg,DE,2022-07-29 01:29:15,50.9667,11.9,60.08,59,100,3.51,overcast clouds
463,Ust-Kulom,RU,2022-07-29 01:29:16,61.6864,53.6902,57.24,83,80,2.44,broken clouds
464,Erzin,TR,2022-07-29 01:29:16,36.9559,36.2,76.14,58,0,1.88,clear sky
465,Slave Lake,CA,2022-07-29 01:24:45,55.2834,-114.769,87.78,45,0,2.3,clear sky
466,Gubkin,RU,2022-07-29 01:29:17,51.2817,37.5458,59.94,89,6,8.9,clear sky
467,Dhemaji,IN,2022-07-29 01:29:17,27.4833,94.5833,82.47,86,34,1.83,scattered clouds
468,Falun,SE,2022-07-29 01:29:18,60.6036,15.626,45.01,94,8,1.72,clear sky
469,Ketchikan,US,2022-07-29 01:29:18,55.3422,-131.6461,75.67,60,0,8.05,clear sky
470,Namibe,AO,2022-07-29 01:29:19,-15.1961,12.1522,59.99,84,60,6.91,broken clouds
471,Tucurui,BR,2022-07-29 01:29:19,-3.7661,-49.6725,77.25,57,100,0.83,overcast clouds
472,Jiangmen,CN,2022-07-29 01:29:20,22.5833,113.0833,91.98,62,61,4.07,broken clouds
473,Orsha,BY,2022-07-29 01:29:20,54.5153,30.4053,52.16,92,1,6.22,clear sky
474,Kudahuvadhoo,MV,2022-07-29 01:29:21,2.6708,72.8944,82.4,73,100,12.68,overcast clouds
475,Doha,QA,2022-07-29 01:25:32,25.2867,51.5333,91.38,75,20,12.66,few clouds
476,Flin Flon,CA,2022-07-29 01:29:22,54.7682,-101.865,75.09,37,99,4.36,overcast clouds
477,Manchenky,UA,2022-07-29 01:29:22,49.9798,35.8583,59.63,91,3,7.45,clear sky
478,Lufilufi,WS,2022-07-29 01:29:22,-13.8745,-171.5986,89.38,79,25,17.49,light rain
479,Yumen,CN,2022-07-29 01:29:23,40.2833,97.2,82.27,10,5,2.08,clear sky
480,Nacala,MZ,2022-07-29 01:29:23,-14.5428,40.6728,65.12,87,36,7.76,scattered clouds
481,Zhongxing,CN,2022-07-29 01:29:24,33.7039,118.6792,72.05,93,100,3.78,overcast clouds
482,Nouadhibou,MR,2022-07-29 01:29:25,20.931,-17.0347,73.38,78,4,24.16,sand
483,Kenora,CA,2022-07-29 01:29:25,49.8167,-94.4337,65.37,68,40,8.05,scattered clouds
484,Abha,SA,2022-07-29 01:29:26,18.2164,42.5053,69.62,46,0,0.0,clear sky
485,Batemans Bay,AU,2022-07-29 01:29:26,-35.7167,150.1833,54.1,46,0,8.25,clear sky
486,Hay River,CA,2022-07-29 01:29:27,60.8156,-115.7999,62.58,88,75,10.36,broken clouds
487,Los Llanos De Aridane,ES,2022-07-29 01:29:27,28.6585,-17.9182,69.55,88,100,21.85,overcast clouds
488,Koson,UZ,2022-07-29 01:29:28,39.0375,65.585,79.12,24,3,12.73,clear sky
489,Kangasala,FI,2022-07-29 01:29:28,61.4638,24.076,55.33,86,87,8.16,overcast clouds
490,Mpulungu,ZM,2022-07-29 01:29:30,-8.7623,31.1141,67.93,60,65,7.43,broken clouds
491,Qaqortoq,GL,2022-07-29 01:29:30,60.7167,-46.0333,44.19,82,25,4.38,scattered clouds
492,Anchorage,US,2022-07-29 01:26:20,61.2181,-149.9003,74.28,41,0,8.05,smoke
493,Qui Nhon,VN,2022-07-29 01:29:31,13.7667,109.2333,83.28,74,23,3.53,few clouds
494,Sobolevo,RU,2022-07-29 01:29:31,54.4299,31.8996,53.55,86,11,4.52,few clouds
495,Kloulklubed,PW,2022-07-29 01:29:32,7.0419,134.2556,84.7,74,100,9.71,overcast clouds
496,Aykhal,RU,2022-07-29 01:29:32,66.0,111.5,77.22,48,10,9.6,clear sky
497,Mombetsu,JP,2022-07-29 01:27:44,44.3525,143.3525,66.22,100,75,2.3,broken clouds
498,Nicoya,CR,2022-07-29 01:29:33,10.1483,-85.452,76.48,88,99,1.28,overcast clouds
499,Clarence Town,AU,2022-07-29 01:29:33,-32.5833,151.7833,60.94,54,29,9.04,scattered clouds
500,Amahai,ID,2022-07-29 01:29:34,-3.3333,128.9167,77.94,89,88,10.36,overcast clouds
501,Mayo,US,2022-07-29 01:30:34,38.8876,-76.5119,82.38,83,100,8.05,moderate rain
502,Pacific Grove,US,2022-07-29 01:26:32,36.6177,-121.9166,75.38,86,75,10.36,broken clouds
503,Comodoro Rivadavia,AR,2022-07-29 01:29:12,-45.8667,-67.5,51.66,46,100,50.64,overcast clouds
504,Trairi,BR,2022-07-29 01:30:27,-3.2778,-39.2689,77.97,85,93,10.47,overcast clouds
505,Petropavlovsk-Kamchatskiy,RU,2022-07-29 01:28:27,53.0452,158.6483,70.39,53,20,6.71,light rain
506,Charlestown,AU,2022-07-29 01:30:35,-32.95,151.6667,61.5,50,32,8.99,scattered clouds
507,Jeremie,HT,2022-07-29 01:30:36,18.65,-74.1167,79.68,76,27,1.25,scattered clouds
508,Kieta,PG,2022-07-29 01:30:36,-6.2167,155.6333,83.37,71,91,4.25,light rain
509,Asau,RO,2022-07-29 01:30:37,46.4333,26.4,70.95,96,92,1.5,overcast clouds
510,Izumo,JP,2022-07-29 01:28:19,35.3667,132.7667,91.29,62,20,9.22,few clouds
511,Mareeba,AU,2022-07-29 01:28:37,-17.0,145.4333,72.45,57,0,5.66,clear sky
512,Half Moon Bay,US,2022-07-29 01:30:38,37.4636,-122.4286,73.87,78,100,19.57,mist
513,Poronaysk,RU,2022-07-29 01:30:39,49.2167,143.1167,64.13,85,79,8.68,broken clouds
514,Alta Floresta,BR,2022-07-29 01:30:39,-9.8756,-56.0861,69.93,41,0,1.57,clear sky
515,Pevek,RU,2022-07-29 01:28:33,69.7008,170.3133,40.66,76,99,5.95,overcast clouds
516,Terrace Bay,CA,2022-07-29 01:30:40,48.7834,-87.1,53.91,91,96,8.75,overcast clouds
517,Kingori,TZ,2022-07-29 01:30:40,-3.2833,36.9833,62.98,77,75,11.5,broken clouds
518,Santa Maria,BR,2022-07-29 01:30:41,-29.6842,-53.8069,52.9,82,40,5.75,scattered clouds
519,Jabinyanah,TN,2022-07-29 01:30:41,35.035,10.9081,82.2,73,0,5.26,clear sky
520,Bathsheba,BB,2022-07-29 01:28:40,13.2167,-59.5167,81.21,85,20,16.11,few clouds
521,Nokaneng,BW,2022-07-29 01:30:42,-19.6667,22.2667,53.92,43,3,6.62,clear sky
522,Dekar,BW,2022-07-29 01:30:42,-21.5333,21.9333,56.28,30,1,11.81,clear sky
523,Matay,EG,2022-07-29 01:30:43,28.419,30.7792,79.63,37,60,10.94,broken clouds
524,Le Moule,GP,2022-07-29 01:30:43,16.3332,-61.3473,78.84,100,6,15.21,clear sky
525,Kysyl-Syr,RU,2022-07-29 01:30:44,63.8986,122.7617,84.96,45,0,6.24,clear sky
526,Mirebalais,HT,2022-07-29 01:30:44,18.8333,-72.1053,75.92,78,97,0.72,overcast clouds
527,Letlhakane,BW,2022-07-29 01:30:45,-21.4167,25.5833,51.28,58,1,8.5,clear sky
528,Balaghat,IN,2022-07-29 01:30:45,21.8,80.1833,79.38,87,94,2.44,overcast clouds
529,Barcelos,PT,2022-07-29 01:30:46,41.5388,-8.6151,64.92,91,0,4.16,clear sky
530,Vieques,PR,2022-07-29 01:30:46,18.425,-65.8329,82.42,74,20,5.75,few clouds
531,Codrington,AU,2022-07-29 01:30:47,-38.2667,141.9667,53.06,58,27,2.64,scattered clouds
532,Goshen,US,2022-07-29 01:30:47,41.5823,-85.8344,71.69,73,0,5.75,clear sky
533,Maromitsa,RU,2022-07-29 01:30:48,59.8683,48.0123,56.75,86,3,4.7,clear sky
534,Tilichiki,RU,2022-07-29 01:30:48,60.4667,166.1,52.92,65,98,8.14,overcast clouds
535,Salinas,US,2022-07-29 01:26:32,36.6777,-121.6555,81.41,73,0,17.27,clear sky
536,Byron Bay,AU,2022-07-29 01:30:49,-28.65,153.6167,65.71,55,0,1.68,clear sky
537,Mazagao,BR,2022-07-29 01:30:49,-0.115,-51.2894,78.85,90,89,3.76,overcast clouds
538,Gravdal,NO,2022-07-29 01:30:50,68.1214,13.5031,53.02,86,100,15.3,overcast clouds
539,Orzhytsya,UA,2022-07-29 01:30:50,49.7918,32.7012,58.73,76,0,5.44,clear sky
540,Ibra,OM,2022-07-29 01:30:51,22.6906,58.5334,75.63,78,61,6.13,broken clouds
541,Cyangugu,RW,2022-07-29 01:30:52,-2.4846,28.9075,62.02,84,91,0.58,light rain
542,San Patricio,US,2022-07-29 01:30:52,28.017,-97.5169,87.69,70,100,14.14,overcast clouds
543,Bogovarovo,RU,2022-07-29 01:30:53,58.9785,47.0246,57.52,89,3,4.68,clear sky
544,Natal,BR,2022-07-29 01:30:53,-5.795,-35.2094,75.42,94,20,4.61,few clouds
545,Dubbo,AU,2022-07-29 01:30:54,-32.25,148.6167,55.53,54,40,6.91,scattered clouds
546,Kibala,TD,2022-07-29 01:30:54,9.1104,18.3463,68.83,97,93,3.22,overcast clouds
547,Dalaba,GN,2022-07-29 01:30:55,10.7,-12.25,63.09,99,100,4.27,light rain
548,Plouzane,FR,2022-07-29 01:30:55,48.3833,-4.6167,60.85,94,0,3.44,clear sky
549,Acari,PE,2022-07-29 01:31:56,-15.4311,-74.6158,62.2,82,99,2.66,overcast clouds
550,Blitar,ID,2022-07-29 01:31:56,-8.0983,112.1681,80.13,68,98,5.66,overcast clouds
551,Calahorra,ES,2022-07-29 01:31:57,42.3051,-1.9652,67.98,61,60,8.08,broken clouds
552,Makakilo City,US,2022-07-29 01:31:58,21.3469,-158.0858,82.72,63,100,16.11,overcast clouds
553,Alcudia,ES,2022-07-29 01:31:58,39.8532,3.1214,79.25,78,0,4.56,clear sky
554,Puerto Lopez,CO,2022-07-29 01:31:59,4.0845,-72.956,71.04,95,84,1.41,broken clouds
555,Opuwo,NA,2022-07-29 01:31:59,-18.0607,13.84,55.63,43,15,1.52,few clouds
556,Preston,GB,2022-07-29 01:32:00,53.7667,-2.7167,62.69,69,100,5.99,overcast clouds
557,Libertador General San Martin,AR,2022-07-29 01:32:00,-23.8064,-64.7876,55.98,77,100,2.13,overcast clouds
558,Hofn,IS,2022-07-29 01:32:01,64.2539,-15.2082,52.2,86,100,2.57,overcast clouds
559,Mount Isa,AU,2022-07-29 01:31:06,-20.7333,139.5,67.77,22,0,14.97,clear sky
560,Vizinga,RU,2022-07-29 01:32:02,61.0749,50.1031,59.74,80,28,3.33,scattered clouds
561,Mandalgovi,MN,2022-07-29 01:32:02,45.7625,106.2708,69.26,41,33,9.1,scattered clouds
562,Rangapara,IN,2022-07-29 01:32:03,26.8167,92.65,81.95,85,49,2.39,scattered clouds
563,Muriwai Beach,NZ,2022-07-29 01:32:03,-36.8167,174.45,62.19,61,53,13.96,broken clouds
564,Tambovka,RU,2022-07-29 01:32:03,50.0969,128.0489,69.37,95,100,4.14,overcast clouds
565,Dosso,NE,2022-07-29 01:32:04,13.049,3.1937,78.76,77,100,8.95,overcast clouds
566,Kibara,TZ,2022-07-29 01:31:20,-2.15,33.45,72.36,65,97,4.05,overcast clouds
567,Vitim,RU,2022-07-29 01:32:05,59.4511,112.5578,67.35,77,100,5.28,overcast clouds
568,Meitingen,DE,2022-07-29 01:32:05,48.55,10.85,64.44,94,75,3.44,broken clouds
569,Beira,MZ,2022-07-29 01:32:06,-19.8436,34.8389,65.5,67,80,5.44,broken clouds
570,Rorvik,NO,2022-07-29 01:32:06,64.8621,11.2373,54.45,74,100,5.97,overcast clouds
571,Uray,RU,2022-07-29 01:32:07,60.1247,64.7758,62.08,61,13,5.59,few clouds
572,Portel,BR,2022-07-29 01:32:07,-1.9356,-50.8211,76.75,78,51,2.66,broken clouds
573,Vestmanna,FO,2022-07-29 01:32:08,62.1564,-7.1664,50.92,87,40,14.97,scattered clouds
574,Binzhou,CN,2022-07-29 01:32:08,37.3667,118.0167,79.86,78,100,4.85,overcast clouds
575,Alofi,NU,2022-07-29 01:32:09,-19.0595,-169.9187,78.69,73,75,17.27,broken clouds
576,Tharad,IN,2022-07-29 01:32:09,24.3961,71.6267,82.42,76,100,9.69,overcast clouds
577,Jesus Maria,AR,2022-07-29 01:32:10,-30.9815,-64.0942,51.51,33,0,4.7,clear sky
578,Port Shepstone,ZA,2022-07-29 01:32:11,-30.7414,30.455,63.52,75,18,9.19,few clouds
579,Inuvik,CA,2022-07-29 01:32:11,68.3499,-133.7218,52.56,87,100,13.8,light rain
580,Chivay,PE,2022-07-29 01:32:12,-15.6383,-71.6011,49.46,39,7,3.27,clear sky
581,Naron,ES,2022-07-29 01:32:12,43.5167,-8.1528,66.04,86,99,4.32,overcast clouds
582,Naryan-Mar,RU,2022-07-29 01:32:13,67.6713,53.087,65.05,87,82,4.9,broken clouds
583,Nagato,JP,2022-07-29 01:32:14,34.3833,131.2,86.92,65,0,4.65,clear sky
584,Acajutla,SV,2022-07-29 01:32:14,13.5928,-89.8275,78.64,86,99,3.27,overcast clouds
585,Havelock,US,2022-07-29 01:32:14,34.8791,-76.9013,83.95,87,0,12.66,clear sky
586,Bahia Blanca,AR,2022-07-29 01:30:09,-38.7196,-62.2724,45.43,56,0,7.67,clear sky
587,Lulea,SE,2022-07-29 01:32:16,65.5842,22.1547,51.87,87,100,6.91,overcast clouds
588,Khandbari,NP,2022-07-29 01:32:16,27.3747,87.2039,74.98,87,94,0.98,overcast clouds
589,Castro Daire,PT,2022-07-29 01:33:17,40.8984,-7.9338,56.26,90,0,2.1,clear sky
590,Vredendal,ZA,2022-07-29 01:33:17,-31.6683,18.5012,55.42,76,80,10.02,broken clouds
591,Koundara,GN,2022-07-29 01:33:18,12.4833,-13.3,73.36,91,6,6.67,clear sky
592,Gobabis,NA,2022-07-29 01:33:18,-22.45,18.9667,56.34,34,88,8.28,overcast clouds
593,Bonthe,SL,2022-07-29 01:33:19,7.5264,-12.505,74.88,76,25,8.77,scattered clouds
594,Metro,ID,2022-07-29 01:33:20,-5.1131,105.3067,78.31,88,97,3.56,overcast clouds
595,Porto Novo,BJ,2022-07-29 01:33:21,6.4965,2.6036,76.82,80,99,7.2,overcast clouds
596,Batasan,PH,2022-07-29 01:33:21,12.7667,120.7833,82.94,78,100,4.47,moderate rain
597,Jiwani,PK,2022-07-29 01:28:42,25.05,61.7417,80.62,79,100,7.81,light rain
598,Havoysund,NO,2022-07-29 01:33:22,70.9963,24.6622,50.23,86,98,12.44,overcast clouds
599,Ati,TD,2022-07-29 01:33:22,13.2154,18.3353,78.48,70,88,8.28,light rain
600,Poum,NC,2022-07-29 01:29:46,-20.2333,164.0167,72.05,73,100,7.56,overcast clouds
601,La Rioja,ES,2022-07-29 01:32:04,42.25,-2.5,60.58,79,74,3.22,broken clouds
602,Gamba,GA,2022-07-29 01:33:24,-2.65,10.0,68.68,92,33,2.57,scattered clouds
603,Necochea,AR,2022-07-29 01:33:24,-38.5473,-58.7368,44.13,91,17,11.07,few clouds
604,Tenenkou,ML,2022-07-29 01:33:25,14.4572,-4.9169,73.92,71,100,25.77,light rain
605,Pundaguitan,PH,2022-07-29 01:33:25,6.3711,126.1689,83.55,75,87,10.04,overcast clouds
606,Chaiya,TH,2022-07-29 01:33:26,9.3862,99.1986,80.19,80,38,4.54,scattered clouds
607,North Bend,US,2022-07-29 01:33:26,43.4065,-124.2243,72.91,84,20,18.41,few clouds
608,Mamallapuram,IN,2022-07-29 01:33:27,12.6264,80.1722,84.25,72,89,3.04,overcast clouds
609,Sakti,IN,2022-07-29 01:33:27,22.0333,82.9667,83.01,73,96,4.97,overcast clouds
610,Varna,BG,2022-07-29 01:33:28,43.2167,27.9167,67.87,89,0,0.0,clear sky
611,Ust-Kut,RU,2022-07-29 01:33:28,56.7938,105.7672,57.72,97,100,4.59,overcast clouds
612,Tateyama,JP,2022-07-29 01:33:29,34.9833,139.8667,83.12,80,6,10.29,clear sky
613,Mayumba,GA,2022-07-29 01:33:29,-3.432,10.6554,68.52,92,68,4.09,broken clouds
614,Petawawa,CA,2022-07-29 01:33:30,45.9001,-77.3328,66.78,75,0,7.78,clear sky
615,Porto San Giorgio,IT,2022-07-29 01:33:30,43.1827,13.7934,76.01,77,4,3.69,clear sky
616,Tukrah,LY,2022-07-29 01:33:31,32.5341,20.5791,77.56,82,0,6.46,clear sky
617,Ormara,PK,2022-07-29 01:33:31,25.2088,64.6357,81.45,80,100,9.48,overcast clouds
618,Balakhninskiy,RU,2022-07-29 01:33:32,58.0106,114.2769,70.11,62,100,2.04,overcast clouds
619,Husavik,IS,2022-07-29 01:33:32,66.0449,-17.3389,48.38,91,100,9.71,overcast clouds
620,Ellisras,ZA,2022-07-29 01:33:33,-23.6649,27.7443,52.18,74,0,4.85,clear sky
621,Nalobikha,RU,2022-07-29 01:33:34,53.2006,84.6039,69.58,58,63,8.03,broken clouds
622,Te Anau,NZ,2022-07-29 01:33:34,-45.4167,167.7167,44.64,85,87,4.27,moderate rain
623,Jalapa,MX,2022-07-29 01:33:35,19.5333,-96.9167,61.99,96,84,1.72,broken clouds
624,La Ronge,CA,2022-07-29 01:33:35,55.1001,-105.2842,77.25,44,75,5.75,broken clouds
625,Zhangye,CN,2022-07-29 01:33:36,38.9342,100.4517,82.56,22,75,1.25,broken clouds
626,Akyab,MM,2022-07-29 01:33:37,20.15,92.9,83.93,76,67,4.23,broken clouds
627,Dhadar,IN,2022-07-29 01:33:38,28.3305,75.0632,84.11,71,86,12.19,overcast clouds
628,Cruzeiro Do Sul,BR,2022-07-29 01:33:39,-29.5128,-51.9853,60.53,93,100,9.1,overcast clouds
629,Basco,PH,2022-07-29 01:33:39,20.4487,121.9702,85.93,72,100,11.01,overcast clouds
630,Erdemli,TR,2022-07-29 01:33:40,36.605,34.3084,80.56,70,0,4.97,clear sky
631,Celestun,MX,2022-07-29 01:33:40,20.8667,-90.4,81.75,70,82,14.56,broken clouds
632,Maningrida,AU,2022-07-29 01:33:41,-12.0667,134.2667,83.71,42,100,11.7,overcast clouds
633,Saint Anthony,US,2022-07-29 01:31:01,45.0205,-93.218,72.66,56,0,14.97,clear sky
634,Bandarbeyla,SO,2022-07-29 01:33:43,9.4942,50.8122,76.24,78,100,24.09,overcast clouds
635,Muros,ES,2022-07-29 01:34:43,42.7762,-9.0603,66.09,84,57,3.33,broken clouds
636,Hanstholm,DK,2022-07-29 01:34:43,57.1167,8.6167,53.4,78,24,1.95,few clouds
637,Morondava,MG,2022-07-29 01:34:44,-20.2833,44.2833,67.77,72,17,7.18,few clouds
638,Zykovo,RU,2022-07-29 01:34:45,55.9519,93.1461,63.34,70,87,5.57,overcast clouds
639,Actopan,MX,2022-07-29 01:34:45,20.2667,-98.9333,60.69,87,79,4.59,broken clouds
640,Barstow,US,2022-07-29 01:34:46,34.8986,-117.0228,101.39,14,0,13.06,clear sky
641,Huacho,PE,2022-07-29 01:34:47,-11.1067,-77.605,60.82,81,36,9.37,scattered clouds
642,Fort Nelson,CA,2022-07-29 01:30:57,58.8053,-122.7002,71.19,53,75,6.91,broken clouds
643,Puerto Baquerizo Moreno,EC,2022-07-29 01:34:47,-0.9,-89.6,69.98,86,90,11.63,overcast clouds
644,Imeni Poliny Osipenko,RU,2022-07-29 01:34:48,52.4201,136.4853,75.72,76,100,8.25,overcast clouds
645,Balsas,BR,2022-07-29 01:34:48,-7.5325,-46.0356,75.06,38,2,1.45,clear sky
646,Coihaique,CL,2022-07-29 01:31:02,-45.5752,-72.0662,44.55,70,100,8.05,overcast clouds
647,Kitimat,CA,2022-07-29 01:34:49,54.0524,-128.6534,91.78,45,9,2.21,clear sky
648,Amazar,RU,2022-07-29 01:34:49,53.858,120.875,71.53,53,2,7.83,clear sky
649,Sisimiut,GL,2022-07-29 01:34:50,66.9395,-53.6735,42.28,89,100,4.76,light rain
650,Acahay,PY,2022-07-29 01:34:50,-25.9167,-57.15,58.05,88,100,13.78,overcast clouds
651,Bayanday,RU,2022-07-29 01:34:51,53.0661,105.5139,66.16,61,33,2.24,scattered clouds
652,Yining,CN,2022-07-29 01:34:52,29.0361,114.5636,90.03,62,13,1.66,few clouds
653,Noboribetsu,JP,2022-07-29 01:34:52,42.4514,141.1731,75.52,79,56,6.11,broken clouds
654,Chifeng,CN,2022-07-29 01:34:53,42.2683,118.9636,73.89,69,100,3.91,overcast clouds
655,Barretos,BR,2022-07-29 01:34:53,-20.5572,-48.5678,66.6,40,31,4.29,scattered clouds
656,Dzilam Gonzalez,MX,2022-07-29 01:34:54,21.2833,-88.9333,78.35,89,95,10.18,overcast clouds
657,Urubicha,BO,2022-07-29 01:34:55,-15.3833,-62.95,71.91,47,82,1.63,broken clouds
658,Kalmunai,LK,2022-07-29 01:34:55,7.4167,81.8167,76.95,89,100,4.27,light rain
659,Concepcion,CL,2022-07-29 01:34:56,-36.827,-73.0498,51.6,66,0,10.36,clear sky
660,Brownsville,US,2022-07-29 01:30:04,25.9018,-97.4975,87.8,71,0,19.57,clear sky
661,Bundaberg,AU,2022-07-29 01:34:56,-24.85,152.35,70.21,50,49,1.01,scattered clouds
662,Matara,LK,2022-07-29 01:34:57,5.9485,80.5353,77.85,88,100,3.4,overcast clouds
663,Fort Walton Beach,US,2022-07-29 01:34:57,30.4058,-86.6188,85.98,75,40,8.99,scattered clouds
664,Mitikas,GR,2022-07-29 01:34:58,38.6699,20.9466,78.78,48,0,2.48,clear sky
665,Berezovyy,RU,2022-07-29 01:34:59,51.6667,135.7,74.77,84,100,2.37,overcast clouds
666,Grand Gaube,MU,2022-07-29 01:35:00,-20.0064,57.6608,68.4,76,0,3.0,clear sky
667,Caravelas,BR,2022-07-29 01:35:00,-17.7125,-39.2481,68.76,83,50,6.31,scattered clouds
668,Vostok,RU,2022-07-29 01:35:01,46.4856,135.8833,85.39,52,100,0.54,overcast clouds
669,Tungor,RU,2022-07-29 01:35:01,53.3808,142.9564,70.97,64,0,7.11,clear sky
670,Bystryy Istok,RU,2022-07-29 01:35:02,52.371,84.3873,69.69,56,99,4.32,overcast clouds
671,Salisbury,GB,2022-07-29 01:31:01,51.0693,-1.7957,60.03,77,40,8.05,scattered clouds
672,Araouane,ML,2022-07-29 01:35:02,18.9048,-3.5265,95.99,24,25,8.52,scattered clouds
673,Ozerne,UA,2022-07-29 01:35:03,50.1782,28.7338,59.16,68,100,3.31,overcast clouds
674,Sarkand,KZ,2022-07-29 01:35:04,45.41,79.9186,82.8,28,59,4.38,broken clouds
675,Nuuk,GL,2022-07-29 01:35:04,64.1835,-51.7216,43.41,87,100,8.05,overcast clouds
676,Isilkul,RU,2022-07-29 01:35:05,54.9109,71.2728,60.51,94,100,13.33,light rain
677,Ola,RU,2022-07-29 01:35:06,59.5833,151.2833,57.15,92,100,0.94,light rain
